<?xml version="1.0" encoding="UTF-8" ?>
<!DOCTYPE hibernate-mapping PUBLIC
        "-//Hibernate/Hibernate Mapping DTD 3.0//en"
        "http://hibernate.org/dtd/hibernate-mapping-3.0.dtd">
<hibernate-mapping>
    <!--Creación de la tabla Alumno-->
    <class name="pac.Alumno" table="alumnos" catalog="m06">
        <id name="id" type="long" column="idAlumno">
           <!-- El idAlumno se genera automáticamente-->
            <generator class="increment"/>
        </id>
        <!--Atributos de la tabla Alumnos-->
        <property name="nombre" type="java.lang.String"/>
        <property name="nacionalidad" type="java.lang.String"/>
        <property name="edad" type="java.lang.Integer"/>
        <property name="sexo" type="java.lang.String"/>
        <!--Definimos como estará creada la realación de las tablas Alumno y Modulo
         la cual crea la tabla alumno_modulo, asignara primary key de las dos con  la idAlumno y idModulo-->
        <set name="modulos" table="alumno_modulo" cascade="all">
            <key column="idAlumno"/>
            <many-to-many column="idModulo" class="pac.Modulo"/>
        </set>

    </class>
</hibernate-mapping>



