<?xml version="1.0" encoding="UTF-8"?>
<!DOCTYPE hibernate-configuration PUBLIC
        "-//Hibernate/Hibernate Configuration DTD 3.0//EN"
        "http://www.hibernate.org/dtd/hibernate-configuration-3.0.dtd">
<hibernate-configuration>
    <session-factory>
        <!--Creación del conector de Hibernate y los datos de conexión con la BD-->
        <property name="connection.url">jdbc:mysql://localhost:3306/m06?createDatabaseIfNoExists=true</property>
        <property name="hibernate.hbm2ddl.auto">create</property> <!--Para que cuando se conecte cree de nuevo los datos-->
        <!--Para esta Pac también podriamos poner create-Drop para que no sobrescriba los datos introducidos anteriormente-->
        <property name="connection.username">ilerna</property>
        <property name="connection.password">Ilerna_1234</property>
        <property name="dialect">org.hibernate.dialect.MySQL5Dialect</property>
        <!--Ficheros asociados al proyecto para su mapeo-->
        <mapping resource="alumno.hbm.xml"/>
        <mapping resource="modulo.hbm.xml"/>
        <mapping resource="profesor.hbm.xml"/>


    </session-factory>
</hibernate-configuration>